id,Class_0,Class_1
00eed32682bb,0.6632283904683414,0.3367716194657661
010ebe33f668,0.6632283904683414,0.3367716194657661
02fa521e1838,0.6632283904683414,0.3367716194657661
040e15f562a2,0.6632283904683414,0.3367716194657661
046e85c7cc7f,0.6632283904683414,0.3367716194657661
